{"App":{"name":"feRasd","organization":"asdfsafawr2","frame_cap":60},"Windows":{"width":1280,"height":1024},"Input":{},"Render":{"vsync":0,"background_r":0.11463844031095505,"background_g":0.72222220897674561,"background_b":0.69328975677490234}}